Input,Target,Vanilla_prediction,Attention_prediction
ankon,अंकों,आंकों,अंकों
antah,अंतः,अंतह,अंतः
antaha,अंतः,अंताहा,अंतः
agavai,अगवाई,आगवाई,अगवाई
agvaai,अगवाई,आगवाई,अगवाई
agr,अग्र,एग्री,अग्र
acchi,अच्छी,अच्ची,अच्छी
achyut,अच्युत,अछूत,अच्युत
atkata,अटकता,अतकता,अटकता
adhyayanrat,अध्ययनरत,अध्यारात,अध्ययनरत
anaavashyak,अनावश्यक,अनावाश्यक,अनावश्यक
anawashyak,अनावश्यक,अनावश्यक्क,अनावश्यक
anukulata,अनुकूलता,अनुकुलता,अनुकूलता
anukulta,अनुकूलता,अनुकुलता,अनुकूलता
anuprayogon,अनुप्रयोगों,अनुप्रायों,अनुप्रयोगों
aprihary,अपरिहार्य,अपरिहरी,अपरिहार्य
africa,अफ्रीका,अफ्रिका,अफ्रीका
abbasi,अब्बासी,अब्सासी,अब्बासी
amjhera,अमझेरा,अमेहरा,अमझेरा
amargarh,अमरगढ़,अमगरह,अमरगढ़
urgent,अर्जेंट,उर्जेंट,अर्जेंट
avarnata,अवर्णता,अवर्नता,अवर्णता
avarnataa,अवर्णता,अवर्नता,अवर्णता
ashrafi,अशरफी,अश्राफी,अशरफी
asamany,असमान्य,असामान्य,असमान्य
asaamnjsy,असामंजस्य,असामंस्य,असामंजस्य
aswbhavik,अस्वभाविक,अस्वभिविक,अस्वभाविक
items,आइटम्स,इटेट्स,आइटम्स
aanad,आनद,आंद,आनद
aapadaaaen,आपदाएं,आपादाएं,आपदाएं
aapdaein,आपदाएं,आपड़ाएं,आपदाएं
aabru,आबरू,आब्रू,आबरू
amdi,आमदी,अम्धी,आमदी
rp,आरपी,आरएपी,आरपी
aaram,आराम,आरम,आराम
aaryika,आर्यिका,आर्किका,आर्यिका
aryika,आर्यिका,आर्किका,आर्यिका
aavishkaar,आविष्कार,आविश्कार,आविष्कार
avishkar,आविष्कार,अविष्कार,आविष्कार
ashanka,आशंका,अशंका,आशंका
aasaan,आसान,आसन,आसान
england,इंग्लैंड,एंग्लैंड,इंग्लैंड
introduction,इंट्रोडक्शन,इंट्रोक्टिकन,इंट्रोडक्शन
ekaee,इकाई,एकाई,इकाई
ilaichi,इलाइची,इलाइचीी,इलाइची
ishaak,इशाक,इसाक,इशाक
ishita,इशिता,इशीता,इशिता
ea,ईए,इए,ईए
uthakar,उठाकर,उठकर,उठाकर
uttra,उत्तरा,उत्त्र,उत्तरा
utpan,उत्पन,उत्पान,उत्पन
updravion,उपद्रवियों,उप््रववियों,उपद्रवियों
updraviyon,उपद्रवियों,उप््रवियों,उपद्रवियों
upadravi,उपद्रवी,उपद्वावी,उपद्रवी
updravi,उपद्रवी,उप्द्रवी,उपद्रवी
updravon,उपद्रवों,उप्दरवों,उपद्रवों
umanath,उमानाथ,उमनाथ,उमानाथ
umesh,उमेश,उम्श,उमेश
urvarakon,उर्वरकों,उर्वकों,उर्वरकों
ulema,उलेमा,उल्मेा,उलेमा
ulemaon,उलेमाओं,उल्मेओं,उलेमाओं
usmein,उसमें,उस्में,उसमें
usmen,उसमें,उस्में,उसमें
ustara,उस्तरा,उस्तर,उस्तरा
antony,एंटोनी,अंटोनी,एंटोनी
endometrial,एंडोमेट्रियल,एंडमोम्रियल,एंडोमेट्रियल
eksath,एकसाथ,एकस्थ,एकसाथ
adp,एडीपी,ऐडीपीी,एडीपी
emrald,एमरल्ड,एमर्ल्ड,एमरल्ड
airway,एयरवे,अर्वे,एयरवे
arica,एरिका,अरिका,एरिका
aliens,एलियंस,एलिंसस,एलियंस
sfc,एसएफसी,एसफीसी,एसएफसी
spf,एसपीएफ,सीएफ,एसपीएफ
aster,एस्टर,अस्टर,एस्टर
enth,ऐंठ,ऐंथ,ऐंठ
enthe,ऐंठे,ऐंथे,ऐंठे
oxide,ऑक्साइड,ऑक्सीडेड,ऑक्साइड
okalahoma,ओकलाहोमा,ओकलोहा,ओकलाहोमा
oklahoma,ओकलाहोमा,ओकलोहा,ओकलाहोमा
olavrishti,ओलावृष्टि,ओलववृष्टि,ओलावृष्टि
auchitya,औचित्य,अचित्य,औचित्य
audhyogikaran,औद्योगिकरण,औद्योगकरीकर,औद्योगिकरण
aurora,औरोरा,औरोड़ा,औरोरा
composer,कंपोजर,कंपोसर,कंपोजर
kanblon,कंबलों,कांबों,कंबलों
cutlery,कटलरी,कटलेरी,कटलरी
katlari,कटलरी,कत्लारी,कटलरी
katlary,कटलरी,कट्लारी,कटलरी
kaningham,कनिंघम,कणिंघम,कनिंघम
kap,कप,काप,कप
kpada,कपड़ा,कपाड़ा,कपड़ा
kapolkalpana,कपोलकल्पना,कापोलकान,कपोलकल्पना
kamaauu,कमाऊ,कमाईऊ,कमाऊ
kamate,कमाते,कमते,कमाते
kmere,कमेरे,केमरे,कमेरे
karanj,करंज,करांज,करंज
karanjiya,करंजिया,करणजीय,करंजिया
karpatri,करपात्री,करपत्री,करपात्री
kalmen,कलमें,कालमें,कलमें
kalraj,कलराज,कल्राज,कलराज
kalika,कलिका,कालिका,कलिका
kashton,कष्टों,काष्टों,कष्टों
kahane,कहने,कहाने,कहने
kaagaz,कागज़,काग़ज़,कागज़
karykartaaon,कार्यकर्ताओं,कार्यकार्ताओं,कार्यकर्ताओं
karykartaon,कार्यकर्ताओं,कार्यकार्ताओं,कार्यकर्ताओं
karyrat,कार्यरत,कार्यत,कार्यरत
killat,किल्लत,किल्ेट,किल्लत
killi,किल्ली,किलीईी,किल्ली
kisaani,किसानी,किशनी,किसानी
kurmi,कुर्मी,कुरमी,कुर्मी
kush,कुश,कुष,कुश
kpo,केपीओ,कपो,केपीओ
canterbury,कैंटरबरी,कंटरबरी,कैंटरबरी
capacitor,कैपेसिटर,कैपिट्टर,कैपेसिटर
cavity,कैविटी,केविटी,कैविटी
kaivelari,कैवेलरी,कैवेलेरी,कैवेलरी
kolorado,कोलोराडो,कोलोर्डो,कोलोराडो
krantiyon,क्रांतियों,क्रंतियों,क्रांतियों
cricketer,क्रिकेटर,क्रिकेटरस,क्रिकेटर
cricketing,क्रिकेटिंग,क्रिकेंटिंग,क्रिकेटिंग
kriyayog,क्रियायोग,क्रियोग,क्रियायोग
clerys,क्लेरिस,क्लाइर्स,क्लेरिस
khariya,खरिया,खरीया,खरिया
khinchakar,खिंचकर,खींचकर,खिंचकर
khoikhoi,खोईखोई,खोखोई,खोईखोई
gandh,गंध,गांध,गंध
ganapati,गणपति,गणपती,गणपति
garibi,गरीबी,गारिबी,गरीबी
ginte,गिनते,गिंटे,गिनते
girjaghar,गिरजाघर,गीरजजाघर,गिरजाघर
girati,गिरती,गिराती,गिरती
girti,गिरती,गीरती,गिरती
guan,गुआन,गुवान,गुआन
gulshan,गुलशन,गुलश्षण,गुलशन
goyal,गोयल,गोयाल,गोयल
gaumutr,गौमूत्र,गौमुत्र,गौमूत्र
gaumutra,गौमूत्र,गौमुत्र,गौमूत्र
ghataatop,घटाटोप,घटातापूप,घटाटोप
ghisi,घिसी,घीसी,घिसी
ghise,घिसे,घिजे,घिसे
ghontane,घोंटने,घोंटाने,घोंटने
chandan,चंदन,चांडन,चंदन
chandon,चंदों,चांडों,चंदों
chkkar,चक्कर,चककर,चक्कर
channa,चन्ना,चाना,चन्ना
chamkana,चमकना,चमकाना,चमकना
chan,चान,चन,चान
chidhate,चिढ़ते,चीढ़ते,चिढ़ते
chidhte,चिढ़ते,चीढ़ते,चिढ़ते
chipakane,चिपकने,चिपकाने,चिपकने
chipkane,चिपकने,चिपकाने,चिपकने
chuka,चुका,चूका,चुका
chhallaa,छल्ला,छलला,छल्ला
chhura,छुरा,छुड़ा,छुरा
chhuraa,छुरा,छुड़ा,छुरा
chhuri,छुरी,छुड़ी,छुरी
chhure,छुरे,छुड़े,छुरे
jaghaega,जगाएगा,जागेगा,जगाएगा
jad,जड़,जाद,जड़
jaddit,जड़ित,जड्दित,जड़ित
jadit,जड़ित,जादित,जड़ित
jadein,जड़ें,जाडें,जड़ें
jaden,जड़ें,जाडें,जड़ें
jamati,जमाती,जमती,जमाती
jamui,जमुई,जमूई,जमुई
jarakh,जरख,जारख,जरख
zarakh,जरख,ज़ाख़,जरख
jarda,जर्दा,जरदा,जर्दा
jardaa,जर्दा,जरदा,जर्दा
zarda,जर्दा,जरदा,जर्दा
jalesar,जलेसर,जालेसर,जलेसर
jasmeet,जसमीत,जस्मीत,जसमीत
jat,जात,जाट,जात
jaayke,जायके,जाएक,जायके
jayke,जायके,जाके,जायके
jing,जिंग,जींग,जिंग
gr,जीआर,ग्री,जीआर
gsm,जीएसएम,जीएमएस,जीएसएम
jeewan,जीवन,जीवान,जीवन
julahon,जुलाहों,जुलहों,जुलाहों
junior,जूनियर,जुनियर,जूनियर
jetha,जेठा,जीठा,जेठा
jenny,जेनी,जेनीनी,जेनी
jorhta,जोड़ता,जोरहता,जोड़ता
tranjister,ट्रांजिस्टर,ट्रांजीज्टरस,ट्रांजिस्टर
traip,ट्रैप,ट्रेप,ट्रैप
trot,ट्रॉट,ट्रोट,ट्रॉट
trott,ट्रॉट,ट्रोटट,ट्रॉट
thaharne,ठहरने,ठहरेने,ठहरने
theharne,ठहरने,ठहरेने,ठहरने
theinga,ठेंगा,ठींगा,ठेंगा
dolane,डोलने,डोलाने,डोलने
dolne,डोलने,डॉलने,डोलने
tagade,तगड़े,टगड़े,तगड़े
tagde,तगड़े,टगड़े,तगड़े
tarafa,तरफा,तराफा,तरफा
tarabganj,तरबगंज,तराबंगज,तरबगंज
tarash,तराश,ताराश,तराश
tariko,तरीको,तारिको,तरीको
tarkvad,तर्कवाद,तरकवाद,तर्कवाद
tarkwaad,तर्कवाद,तरकवाद,तर्कवाद
tarkon,तर्कों,तरकों,तर्कों
tahakhana,तहखाना,तहखना,तहखाना
tahkhana,तहखाना,तहखना,तहखाना
tirupati,तिरूपति,तिरुपति,तिरूपति
teeron,तीरों,टीरों,तीरों
tuglak,तुगलक,तुगलाक,तुगलक
tejaji,तेजाजी,तेजजी,तेजाजी
tyauharon,त्यौहारों,त्योहारों,त्यौहारों
thki,थकी,थककी,थकी
thiyeters,थियेटर्स,थिएटर्स,थियेटर्स
thailee,थैली,थाइली,थैली
thaili,थैली,थाईली,थैली
thaile,थैले,थाइल,थैले
danga,दंगा,डांगा,दंगा
dangon,दंगों,डांगों,दंगों
dampati,दंपति,दमपती,दंपति
dampatiyon,दंपतियों,दमपत्तियों,दंपतियों
danptiyon,दंपतियों,दंपत्यों,दंपतियों
darjano,दर्जनों,दरजानों,दर्जनों
dastavej,दस्तावेज,दस्तवेवज़,दस्तावेज
daanshil,दानशील,दांशील,दानशील
daabholkar,दाभोलकर,दाबोहकल,दाभोलकर
dabholkar,दाभोलकर,दबोहकल,दाभोलकर
ditaa,दिता,दीता,दिता
dinaank,दिनांक,दीनांक,दिनांक
dinank,दिनांक,दीनांक,दिनांक
diwani,दिवानी,दीवानी,दिवानी
divya,दिव्य,दीव्य,दिव्य
deepan,दीपन,दीपान,दीपन
deepn,दीपन,डीपन,दीपन
dukke,दुक्के,डुक्के,दुक्के
dubhashiyon,दुभाषियों,दुभाष्यों,दुभाषियों
durghtna,दुर्घटना,दूर्घना,दुर्घटना
desai,देसाई,डेसाई,देसाई
dvivedi,द्विवेदी,द्विदेीी,द्विवेदी
dwivedi,द्विवेदी,द्विवेदीी,द्विवेदी
dhandhon,धंधों,धनधों,धंधों
dhandhany,धनधान्य,धनंधनीय,धनधान्य
dhandhanya,धनधान्य,धनधनन्य,धनधान्य
dhamkaataa,धमकाता,धमकता,धमकाता
dharmraj,धर्मराज,धर्माराज,धर्मराज
dhaak,धाक,ढाक,धाक
dhaatuein,धातुएं,धातें,धातुएं
dhuni,धूनी,धुनी,धूनी
dhairyavaan,धैर्यवान,धैर्वानान,धैर्यवान
dhairyawan,धैर्यवान,धैर्वानान,धैर्यवान
dhyeyavaadi,ध्येयवादी,ध्यायवादी,ध्येयवादी
dhrupad,ध्रुपद,धृपद,ध्रुपद
naksalwaad,नक्सलवाद,नकसावाद,नक्सलवाद
naksalwad,नक्सलवाद,नकसलवाद,नक्सलवाद
nagaadaa,नगाड़ा,नगदा,नगाड़ा
najraane,नजराने,नज़राने,नजराने
nazraane,नजराने,नज़राने,नजराने
najariyon,नजरियों,नज़रियों,नजरियों
najriyon,नजरियों,नज़रियों,नजरियों
najron,नजरों,नज्रों,नजरों
naram,नरम,नारम,नरम
nayak,नायक,नयक,नायक
nikalegi,निकलेगी,निकालेगी,निकलेगी
nikhari,निखरी,निखारी,निखरी
nigar,निगर,निगार,निगर
nityaa,नित्या,नित्य,नित्या
nidhan,निधान,निधन,निधान
nishpaap,निष्पाप,निषपाप,निष्पाप
neelagaay,नीलगाय,नीलागा,नीलगाय
neelaabh,नीलाभ,नीलभ,नीलाभ
nauvahan,नौवहन,नौवाहन,नौवहन
panchaang,पंचांग,पंचांगग,पंचांग
pakshpaat,पक्षपात,पक्षपत,पक्षपात
patki,पटकी,पटकीी,पटकी
padegaa,पड़ेगा,पदेगा,पड़ेगा
padhaataa,पढ़ाता,पढ़ता,पढ़ाता
padmavati,पदमावती,पद्मावती,पदमावती
panapnaa,पनपना,पनपाना,पनपना
panpana,पनपना,पानना,पनपना
pammi,पम्मी,पामी,पम्मी
pummy,पम्मी,पूम्य,पम्मी
parikalpit,परिकल्पित,परिकालिप्त,परिकल्पित
parosne,परोसने,परोसनन,परोसने
purple,पर्पल,पुरप्ले,पर्पल
palatne,पलटने,पलतने,पलटने
paltane,पलटने,पालताने,पलटने
pale,पले,पाले,पले
pulmonary,पल्मोनरी,पुल्मोर्ण,पल्मोनरी
paheliyon,पहेलियों,पहलियों,पहेलियों
pide,पाइड,पीड़,पाइड
pied,पाइड,पीड,पाइड
paarampariktaa,पारंपरिकता,पारपरिक्ता,पारंपरिकता
piki,पिकी,पीकी,पिकी
pitaamaha,पितामह,पितामाहा,पितामह
peaking,पीकिंग,पीकिंगग,पीकिंग
putliyan,पुतलियां,पुलतियां,पुतलियां
putaliyon,पुतलियों,पुतालियों,पुतलियों
putliyon,पुतलियों,पुल्लियों,पुतलियों
putin,पुतिन,प्टिन,पुतिन
puraane,पुराने,पूराने,पुराने
purane,पुराने,पूराने,पुराने
puru,पुरू,पुरु,पुरू
purjon,पुर्जों,पूर्जों,पुर्जों
purzon,पुर्जों,पूर्जों,पुर्जों
pulam,पुलम,पुलाम,पुलम
pushpa,पुष्पा,पुष्प,पुष्पा
poojaapaath,पूजापाठ,पूजानाथ,पूजापाठ
pujapath,पूजापाठ,पूजापथ,पूजापाठ
pendulam,पेंडुलम,पेंदुमाल,पेंडुलम
pendulum,पेंडुलम,पेंदुम,पेंडुलम
peg,पेग,पीग,पेग
packard,पैकर्ड,पैक्राड,पैकर्ड
polimer,पॉलिमर,पॉलीमर,पॉलिमर
polymer,पॉलिमर,पॉलीमर,पॉलिमर
polishing,पॉलिशिंग,पोलिशिंग,पॉलिशिंग
pratigya,प्रतिज्ञा,प्रतिज्ञ,प्रतिज्ञा
prtigyaa,प्रतिज्ञा,प्रतिज्ञ,प्रतिज्ञा
pratiyon,प्रतियों,प्रतियोंं,प्रतियों
prayasarat,प्रयासरत,प्रयास्त,प्रयासरत
pravatti,प्रवत्ति,प्रवत्ती,प्रवत्ति
prahlad,प्रह्लाद,प्रहलाद,प्रह्लाद
prathmiki,प्राथमिकी,प्रातमिकी,प्राथमिकी
programers,प्रोग्रामर्स,प्रोग्राम्स,प्रोग्रामर्स
programmers,प्रोग्रामर्स,प्रोग्राम्स,प्रोग्रामर्स
propellant,प्रोपेलेंट,प्रोपलेंट,प्रोपेलेंट
propellent,प्रोपेलेंट,प्रोपलेंट,प्रोपेलेंट
fandon,फंदों,फैंडों,फंदों
fagua,फगुआ,फागा,फगुआ
fatehgarh,फतेहगढ़,फतेगढ़,फतेहगढ़
falta,फलता,फालता,फलता
phalitartha,फलितार्थ,फलितार्था,फलितार्थ
fulae,फुलाए,फूलाए,फुलाए
fefada,फेफड़ा,फेफाड़ा,फेफड़ा
fefda,फेफड़ा,फेफडा,फेफड़ा
failaaiye,फैलाइए,फैलाये,फैलाइए
failaea,फैलाइए,फैलाए,फैलाइए
failaiye,फैलाइए,फैलाये,फैलाइए
phod,फोड़,फ़ड़,फोड़
foda,फोड़ा,फोडा,फोड़ा
fodaa,फोड़ा,फोडा,फोड़ा
phoda,फोड़ा,फोडा,फोड़ा
phode,फोड़े,फ़ोड़,फोड़े
frost,फ्रॉस्ट,फ्रोस्ट,फ्रॉस्ट
bantane,बंटने,बंटाने,बंटने
bandhati,बंधती,बंधाती,बंधती
bagichi,बगीची,बगीचीी,बगीची
bachti,बचती,बच्ची,बचती
bajaj,बजाज,बजज,बजाज
badhaataa,बढ़ाता,बढ़ता,बढ़ाता
batlaakar,बतलाकर,बतलाकार,बतलाकर
batlakar,बतलाकर,बतलाकार,बतलाकर
banam,बनाम,बन्म,बनाम
baraamad,बरामद,बारामद,बरामद
baramad,बरामद,बारमद,बरामद
baramade,बरामदे,बरमाड़े,बरामदे
baramde,बरामदे,बरमदे,बरामदे
baljeet,बलजीत,बालजीत,बलजीत
bahuchara,बहुचरा,बहुचारा,बहुचरा
bag,बाग,बग,बाग
bagiyon,बागियों,बगियों,बागियों
bajuon,बाजुओं,बजुओं,बाजुओं
badh,बाध,बाढ़,बाध
bapa,बापा,बपा,बापा
bapaa,बापा,बपा,बापा
baarahamaasee,बारहमासी,बारहमवासी,बारहमासी
baahulya,बाहुल्य,बहुल्य,बाहुल्य
bikherati,बिखेरती,बिखेती,बिखेरती
bikherti,बिखेरती,बिखरती,बिखेरती
bipin,बिपिन,बीपिन,बिपिन
billaa,बिल्ला,बिला,बिल्ला
bisva,बिस्वा,बिसवा,बिस्वा
bim,बीम,बिम,बीम
bimon,बीमों,बीमोन,बीमों
beerganj,बीरगंज,बीगंगज,बीरगंज
budwig,बुडविग,बुदविगग,बुडविग
bekaaboo,बेकाबू,बेकबू,बेकाबू
bechakar,बेचकर,बेचाकर,बेचकर
bewakoofaanaa,बेवकूफाना,बेवकूलना,बेवकूफाना
bosaan,बोसान,बोसन,बोसान
byavar,ब्यावर,बयावर,ब्यावर
brahmalin,ब्रह्मलीन,ब्रह्मालीन,ब्रह्मलीन
brahmleen,ब्रह्मलीन,ब्राह्मलीन,ब्रह्मलीन
brigatn,ब्रिगटन,बृगगतन,ब्रिगटन
brigton,ब्रिगटन,ब्रगगटनं,ब्रिगटन
brigadier,ब्रिगेडियर,ब्रिगादीर,ब्रिगेडियर
britain,ब्रिटेन,ब्रीटाइन,ब्रिटेन
bhay,भय,भाय,भय
bharte,भरते,भर्ते,भरते
bharani,भरनी,भरणी,भरनी
bharni,भरनी,भरणी,भरनी
bhara,भरा,भारा,भरा
bhabar,भाबर,भबार,भाबर
bhugata,भुगता,भूगता,भुगता
bhugta,भुगता,भूगता,भुगता
bhukh,भूख,भुक,भूख
bhukhi,भूखी,भुखी,भूखी
bhoopsingh,भूपसिंह,भूपींश,भूपसिंह
bhulata,भूलता,भुलता,भूलता
bhula,भूला,भुला,भूला
bhrant,भ्रांत,भ्रंत,भ्रांत
bhraanti,भ्रांति,भ्रांती,भ्रांति
bhranti,भ्रांति,भ्रंंती,भ्रांति
bhrantiyan,भ्रांतियां,भ्रंंतियां,भ्रांतियां
bhrantiyon,भ्रांतियों,भ्रंतियों,भ्रांतियों
mangesh,मंगेश,मागेश,मंगेश
mancheeye,मंचीय,मानचीय,मंचीय
manjil,मंजिल,मांजिल,मंजिल
manzil,मंजिल,मंजील,मंजिल
manjilen,मंजिलें,मांजीलें,मंजिलें
machae,मचाए,मचाई,मचाए
matsyendranath,मत्स्येंद्रनाथ,मत्स्यंद्रनथ,मत्स्येंद्रनाथ
manmarji,मनमर्जी,मनम्रजी,मनमर्जी
mayorka,मयोर्का,मयोक्ा,मयोर्का
marmar,मरमर,मरमार,मरमर
marji,मर्जी,मार्जी,मर्जी
malar,मलार,मालर,मलार
mahanideshak,महानिदेशक,महानिदेशकक,महानिदेशक
mhanideshak,महानिदेशक,महानिदेशकक,महानिदेशक
mahapauron,महापौरों,महापुरों,महापौरों
mhapauron,महापौरों,महापुरों,महापौरों
map,माप,मैप,माप
maariyo,मारियो,मारियों,मारियो
mave,मावे,मेव,मावे
mithilanchal,मिथिलांचल,मिथिलंचल,मिथिलांचल
mithya,मिथ्या,मीठ्य,मिथ्या
mimicry,मिमिक्री,माइमक्री,मिमिक्री
mungeri,मुंगेरी,मूंगरी,मुंगेरी
mundva,मुंडवा,मूंडवा,मुंडवा
mundwa,मुंडवा,मूंडवा,मुंडवा
mukarte,मुकरते,मुकारते,मुकरते
munaf,मुनाफ,मूनाफ,मुनाफ
munafa,मुनाफा,मूनाफा,मुनाफा
murjha,मुर्झा,मूर्झा,मुर्झा
multai,मुल्ताई,मूलताई,मुल्ताई
mushahid,मुशाहिद,मुष्हिद्ध,मुशाहिद
moody,मूडी,मूद्य,मूडी
melghat,मेलघाट,मेलघट,मेलघाट
mehram,मेहराम,मेहरम,मेहराम
matrix,मैट्रिक्स,माटरिक्स,मैट्रिक्स
maddy,मैडी,मद्दी,मैडी
mainan,मैनन,मैनान,मैनन
maisachusets,मैसाचुसेट्स,मैसाचूस्ट्स,मैसाचुसेट्स
motive,मोटिव,मोटीव,मोटिव
mol,मोल,मॉल,मोल
mauley,मौले,मॉले,मौले
yda,यदा,याडा,यदा
yaduvansh,यदुवंश,यदुवंशष,यदुवंश
yarushalem,यरूशलेम,यरुशेलम,यरूशलेम
yuddhrat,युद्धरत,युद्धत्त,युद्धरत
ukrainian,यूक्रेनियन,युक्रेनियन,यूक्रेनियन
yorker,यॉर्कर,योर्कर,यॉर्कर
ranjkta,रंजकता,रंंजकता,रंजकता
raktaabh,रक्ताभ,रक्तभ,रक्ताभ
ratanpur,रतनपुर,रतनापुर,रतनपुर
rawail,रवैल,रवैयल,रवैल
rajtantra,राजतंत्र,राततंत्र,राजतंत्र
rajnitikaran,राजनीतीकरण,राजनीतिकरण,राजनीतीकरण
raadhe,राधे,राढ़े,राधे
rabha,राभा,रभा,राभा
ramkote,रामकोट,रामकोटे,रामकोट
rambharosey,रामभरोसे,रामभोर्य,रामभरोसे
recreation,रिक्रिएशन,रिक्रेशन,रिक्रिएशन
rig,रिग,राइग,रिग
reduction,रिडक्शन,रेड्क्शन,रिडक्शन
rita,रीता,रिता,रीता
rukte,रुकते,रुक्ते,रुकते
ruktey,रुकते,रुक्ते,रुकते
rugna,रुग्ण,रूग्न,रुग्ण
rugnata,रुग्णता,ऋग्नता,रुग्णता
rumani,रुमानी,रूमानी,रुमानी
root,रूट,रुट,रूट
rooting,रूटिंग,रूटिंगग,रूटिंग
rental,रेंटल,रेंतल,रेंटल
refeli,रेफेली,रेफली,रेफेली
reshe,रेशे,रेश,रेशे
reshey,रेशे,रेशीय,रेशे
rese,रेस,रेज,रेस
recer,रेसर,रिसर,रेसर
racketier,रैकेटियर,राकेटियर,रैकेटियर
robinson,रॉबिंसन,रॉबिंों,रॉबिंसन
rozlyn,रोजलिन,रोजलियन,रोजलिन
raubadaar,रौबदार,रूबदार,रौबदार
raubadar,रौबदार,रूबदार,रौबदार
raubdar,रौबदार,राबदार,रौबदार
lux,लक्स,लुक्स,लक्स
labdh,लब्ध,लाब्ध,लब्ध
lalla,लल्ला,लाला,लल्ला
lavasa,लवासा,लावसा,लवासा
lahrai,लहराई,लहरायी,लहराई
lahlahaati,लहलहाती,लहलाहती,लहलहाती
lingbhed,लिंगभेद,लिंग्वेद,लिंगभेद
luis,लुईस,लाइस,लुईस
lega,लेगा,लगा,लेगा
legaa,लेगा,लगा,लेगा
lebalon,लेबलों,लेबालों,लेबलों
lairi,लैरी,लैयरी,लैरी
vanshavad,वंशवाद,वंशावद,वंशवाद
vanita,वनिता,वनीता,वनिता
varenya,वरेण्य,वारेनिया,वरेण्य
varsaache,वर्साचे,वर्सचे,वर्साचे
vatar,वाटर,वातर,वाटर
vaadiyon,वादियों,वाडियों,वादियों
wadiyon,वादियों,वादियोंं,वादियों
wireless,वायरलेस,वायरेस्स,वायरलेस
warriors,वारियर्स,वॉरियर्स,वारियर्स
vincent,विंसेंट,विंसेट,विंसेंट
vitark,वितर्क,वितरक,वितर्क
vidhansabhaein,विधानसभाएं,विधानसाभाएं,विधानसभाएं
vidhansabhaen,विधानसभाएं,विधानसाभां,विधानसभाएं
vidhivat,विधिवत,विधीवत,विधिवत
vidhut,विधुत,विद्युत,विधुत
vimarsh,विमर्श,विमार्श,विमर्श
vimarsho,विमर्शों,विमार्शो,विमर्शों
virajati,विराजती,विराजतिी,विराजती
virodhabhasi,विरोधाभासी,विरोधभासी,विरोधाभासी
vishwasaniyata,विश्वसनीयता,विश्वासनियता,विश्वसनीयता
vishnu,विष्णु,विश्णु,विष्णु
venezuela,वेनेजुएला,वेनेजुला,वेनेजुएला
velvet,वेलवेट,वेवेट,वेलवेट
welding,वेल्डिंग,वेलिंग,वेल्डिंग
vaigyanik,वैज्ञानिक,वैज्ञनिक,वैज्ञानिक
vaigyanikta,वैज्ञानिकता,वैज्ञनिकता,वैज्ञानिकता
vaishakh,वैशाख,वैशक्ध,वैशाख
vaishakhi,वैशाखी,वैशक्खी,वैशाखी
vyabhichar,व्यभिचार,व्याभिचार,व्यभिचार
wlaad,व्लाद,वलाद,व्लाद
shanghai,शंघाई,शांघई,शंघाई
shabdarth,शब्दार्थ,शब्दर्थ,शब्दार्थ
shrikar,श्रीकर,श्रीकार,श्रीकर
sanghanit,संघनित,संघानित,संघनित
sanchar,संचार,संचर,संचार
sanjay,संजय,संजाय,संजय
sandli,संदली,सांडली,संदली
samprati,संप्रति,संप्रती,संप्रति
sanskaar,संस्कार,संसककार,संस्कार
sanskurt,संस्कृत,संसकृत,संस्कृत
sanasthit,संस्थित,सनस्थित,संस्थित
sanasthita,संस्थिता,सनस्थिता,संस्थिता
sakara,सकरा,सकारा,सकरा
sat,सत,सात,सत
sate,सते,साते,सते
sadanand,सदानंद,सदनंद,सदानंद
sapane,सपने,सापने,सपने
saparivaar,सपरिवार,सपरविरार,सपरिवार
sapariwar,सपरिवार,सपरीवार,सपरिवार
saptakranti,सप्तक्रांति,सप्तकर्तिी,सप्तक्रांति
sapramaan,सप्रमाण,सप्रमान,सप्रमाण
samjhoonga,समझूंगा,समझुंगा,समझूंगा
samjhunga,समझूंगा,समझुंगा,समझूंगा
samnvyak,समन्वयक,साम्वयक्वक,समन्वयक
samahar,समाहार,समाहर,समाहार
sametati,समेटती,समेटी,समेटती
sargana,सरगना,सरगाना,सरगना
salahkaar,सलाहकार,सलाकार,सलाहकार
salib,सलीब,सालिब,सलीब
sawaal,सवाल,सावल,सवाल
sawal,सवाल,सावल,सवाल
sahuliyat,सहूलियत,सहलुियत,सहूलियत
sinha,सिंहा,सिन्हा,सिंहा
sipah,सिपाह,सिपह,सिपाह
sipahiyon,सिपाहियों,सिपहियों,सिपाहियों
sipahi,सिपाही,सिपही,सिपाही
sim,सिम,सीम,सिम
simatataa,सिमटता,सीमतता,सिमटता
simtata,सिमटता,सीमता,सिमटता
siwan,सिवान,सिवन,सिवान
cpm,सीपीएम,सीपीएमी,सीपीएम
cps,सीपीएस,सीपीसी,सीपीएस
sealed,सील्ड,सीलेड,सील्ड
sugmta,सुगमता,सुग्मता,सुगमता
sudip,सुदीप,सूदिप,सुदीप
sudhargruh,सुधारगृह,सुधारगढ़,सुधारगृह
sulkhan,सुलखान,सुल्खन,सुलखान
sulati,सुलाती,सुलती,सुलाती
susanskrut,सुसंस्कृत,सुसंसंकृत,सुसंस्कृत
salary,सैलरी,सालार्य,सैलरी
solicitor,सॉलिसिटर,सोलिशिटर,सॉलिसिटर
soma,सोमा,सौमा,सोमा
soy,सोय,सोए,सोय
saunpane,सौंपने,सौपने,सौंपने
sonpne,सौंपने,सोंपने,सौंपने
ski,स्की,स्कीई,स्की
skootaron,स्कूटरों,स्कूतरों,स्कूटरों
scanning,स्कैनिंग,स्नेकिंग,स्कैनिंग
squash,स्क्वाश,स्क्वास,स्क्वाश
stop,स्टॉप,स्टोप,स्टॉप
stithi,स्तिथि,स्थिति,स्तिथि
sneakers,स्नीकर्स,स्नीक्स,स्नीकर्स
spear,स्पीयर,स्पियर,स्पीयर
slide,स्लाइड,स्लीड,स्लाइड
slider,स्लाइडर,स्लीडर,स्लाइडर
slaaidon,स्लाइडों,स्लैडियों,स्लाइडों
slides,स्लाइड्स,स्लीड्सस,स्लाइड्स
swaachaalit,स्वाचालित,स्वचालित,स्वाचालित
swiftlate,स्विफ्टलेट,स्विफ्टेलेट,स्विफ्टलेट
swiftlet,स्विफ्टलेट,स्विफ्टेटट,स्विफ्टलेट
sweccha,स्वेच्छा,स्वेच्छ,स्वेच्छा
sweta,स्वेता,स्वेटा,स्वेता
haqeeqat,हकीकत,हकीत,हकीकत
hathiya,हथिया,हाथिया,हथिया
hamal,हमाल,हमल,हमाल
haldi,हल्दी,हल्डी,हल्दी
hawalaat,हवालात,हवलात,हवालात
hani,हानी,हनी,हानी
haaranaa,हारना,हारणा,हारना
hingis,हिंगिस,हिंगीस,हिंगिस
hijbul,हिजबुल,हिजबूल,हिजबुल
hooper,हूपर,हापर,हूपर
